{
    "links": [
        {
            "source": "MYZPC015EKU\\cdadmin",
            "target": "some-lowend laptop",
            "value": 1
        },
        {
            "source": "ZONE1-SCBNET\\1257255",
            "target": "some-lowend laptop",
            "value": 1
        },
        {
            "source": "ZONE1-SCBNET\\1435401",
            "target": "some-lowend laptop",
            "value": 1
        },
        {
            "source": "ZONE1-SCBNET\\1393933",
            "target": "some-lowend laptop",
            "value": 1
        },
        {
            "source": "ZONE1-SCBNET\\1619954",
            "target": "some-lowend laptop",
            "value": 1
        },
        {
            "source": "ZONE1-SCBNET\\1265360",
            "target": "some-lowend laptop - 2",
            "value": 1
        },
        {
            "source": "ZONE1-SCBNET\\1524693",
            "target": "some-lowend laptop",
            "value": 1
        },
        {
            "source": "ZONE1-SCBNET\\1005969",
            "target": "some-lowend laptop",
            "value": 1
        },
        {
            "source": "ZONE1-SCBNET\\1516130",
            "target": "some-midrange laptop",
            "value": 1
        },
        {
            "source": "ZONE1-SCBNET\\1511067",
            "target": "some-lowend laptop",
            "value": 1
        },
        {
            "source": "ZONE1-SCBNET\\1265453",
            "target": "some-lowend laptop",
            "value": 1
        },
        {
            "source": "ZONE1-SCBNET\\1523004",
            "target": "some-lowend laptop",
            "value": 1
        },
        {
            "source": "ZONE1-SCBNET\\1597536",
            "target": "some-lowend laptop",
            "value": 1
        },
        {
            "source": "ZONE1-SCBNET\\1135024",
            "target": "some-lowend laptop",
            "value": 1
        },
        {
            "source": "ZONE1-SCBNET\\1202512",
            "target": "some-lowend laptop",
            "value": 1
        },
        {
            "source": "ZONE1-SCBNET\\1417263",
            "target": "some-lowend laptop",
            "value": 1
        },
        {
            "source": "ZONE1-SCBNET\\1454063",
            "target": "some-lowend laptop - 2",
            "value": 1
        },
        {
            "source": "ZONE1-SCBNET\\1567498",
            "target": "some-lowend laptop",
            "value": 1
        },
        {
            "source": "ZONE1-SCBNET\\1447455",
            "target": "some-lowend laptop - 2",
            "value": 1
        },
        {
            "source": "ZONE1-SCBNET\\1526383",
            "target": "some-lowend laptop",
            "value": 1
        },
        {
            "source": "ZONE1-SCBNET\\1488788",
            "target": "some-lowend laptop",
            "value": 1
        },
        {
            "source": "ZONE1-SCBNET\\1447442",
            "target": "some-lowend laptop",
            "value": 1
        },
        {
            "source": "ZONE1-SCBNET\\1568318",
            "target": "some-lowend laptop",
            "value": 1
        },
        {
            "source": "ZONE1-SCBNET\\1539643",
            "target": "some-lowend laptop",
            "value": 1
        },
        {
            "source": "ZONE2-SCBNET\\1595548",
            "target": "some-lowend laptop",
            "value": 1
        },
        {
            "source": "ZONE1-SCBNET\\1163405",
            "target": "some-lowend laptop",
            "value": 1
        },
        {
            "source": "ZONE1-SCBNET\\1561672",
            "target": "some-lowend laptop",
            "value": 1
        },
        {
            "source": "ZONE1-SCBNET\\1573984",
            "target": "some-lowend laptop",
            "value": 1
        },
        {
            "source": "ZONE1-SCBNET\\1530154",
            "target": "some-lowend laptop",
            "value": 1
        },
        {
            "source": "ZONE1-SCBNET\\1556996",
            "target": "some-lowend laptop",
            "value": 1
        },
        {
            "source": "ZONE1-SCBNET\\1597489",
            "target": "some-lowend laptop",
            "value": 1
        },
        {
            "source": "ZONE1-SCBNET\\1606479",
            "target": "some-lowend laptop",
            "value": 1
        },
        {
            "source": "ZONE1-SCBNET\\1356136",
            "target": "some-lowend laptop",
            "value": 1
        },
        {
            "source": "ZONE2-SCBNET\\1485271",
            "target": "some-lowend laptop",
            "value": 1
        },
        {
            "source": "ZONE1-SCBNET\\1345601",
            "target": "some-lowend laptop",
            "value": 1
        },
        {
            "source": "ZONE1-SCBNET\\1416573",
            "target": "some-lowend laptop",
            "value": 1
        },
        {
            "source": "ZONE1-SCBNET\\1251298",
            "target": "some-lowend laptop",
            "value": 1
        },
        {
            "source": "ZONE1-SCBNET\\1287667",
            "target": "some-lowend laptop",
            "value": 1
        },
        {
            "source": "ZONE1-SCBNET\\1417451",
            "target": "some-lowend laptop",
            "value": 1
        },
        {
            "source": "ZONE1-SCBNET\\1239786",
            "target": "some-lowend laptop",
            "value": 1
        },
        {
            "source": "ZONE1-SCBNET\\1147675",
            "target": "some-lowend laptop",
            "value": 1
        },
        {
            "source": "ZONE1-SCBNET\\1579085",
            "target": "some-lowend laptop",
            "value": 1
        },
        {
            "source": "ZONE1-SCBNET\\1590050",
            "target": "some-lowend laptop",
            "value": 1
        },
        {
            "source": "ZONE1-SCBNET\\1320874",
            "target": "some-lowend laptop",
            "value": 1
        },
        {
            "source": "ZONE1-SCBNET\\1346623",
            "target": "some-lowend laptop",
            "value": 1
        },
        {
            "source": "ZONE1-SCBNET\\1550628",
            "target": "some-lowend laptop",
            "value": 1
        },
        {
            "source": "ZONE1-SCBNET\\1283545",
            "target": "some-lowend laptop",
            "value": 1
        },
        {
            "source": "ZONE1-SCBNET\\1530158",
            "target": "some-lowend laptop",
            "value": 1
        },
        {
            "source": "ZONE1-SCBNET\\1589720",
            "target": "some-lowend laptop",
            "value": 1
        },
        {
            "source": "ZONE2-SCBNET\\1580749",
            "target": "some-lowend laptop",
            "value": 1
        },
        {
            "source": "ZONE1-SCBNET\\1550452",
            "target": "some-lowend laptop",
            "value": 1
        },
        {
            "source": "ZONE2-SCBNET\\1386912",
            "target": "some-lowend laptop",
            "value": 1
        },
        {
            "source": "ZONE2-SCBNET\\1400754",
            "target": "some-lowend laptop",
            "value": 1
        },
        {
            "source": "ZONE1-SCBNET\\1331427",
            "target": "some-lowend laptop",
            "value": 1
        },
        {
            "source": "ZONE1-SCBNET\\o.1559362",
            "target": "some-lowend laptop",
            "value": 1
        },
        {
            "source": "ZONE1-SCBNET\\o.1268269",
            "target": "some-lowend laptop",
            "value": 1
        },
        {
            "source": "ZONE1-SCBNET\\1598425",
            "target": "some-lowend laptop - 2",
            "value": 1
        },
        {
            "source": "ZONE1-SCBNET\\1567895",
            "target": "some-lowend laptop",
            "value": 1
        },
        {
            "source": "ZONE1-SCBNET\\1542144",
            "target": "some-lowend laptop - 2",
            "value": 1
        },
        {
            "source": "ZONE1-SCBNET\\1316329",
            "target": "some-lowend laptop",
            "value": 1
        },
        {
            "source": "ZONE1-SCBNET\\1612878",
            "target": "some-lowend laptop",
            "value": 1
        },
        {
            "source": "ZONE1-SCBNET\\1597027",
            "target": "some-lowend laptop",
            "value": 1
        },
        {
            "source": "ZONE1-SCBNET\\1623207",
            "target": "some-lowend laptop",
            "value": 1
        },
        {
            "source": "ZONE1-SCBNET\\1478979",
            "target": "some-lowend laptop",
            "value": 1
        },
        {
            "source": "ZONE1-SCBNET\\1557686",
            "target": "some-lowend laptop",
            "value": 1
        },
        {
            "source": "ZONE1-SCBNET\\1590888",
            "target": "some-lowend laptop",
            "value": 1
        },
        {
            "source": "ZONE1-SCBNET\\1294645",
            "target": "some-lowend laptop",
            "value": 1
        },
        {
            "source": "ZONE1-SCBNET\\1559604",
            "target": "some-lowend laptop",
            "value": 1
        },
        {
            "source": "ZONE1-SCBNET\\1566393",
            "target": "some-lowend laptop",
            "value": 1
        },
        {
            "source": "ZONE1-SCBNET\\1595839",
            "target": "some-lowend laptop - 2",
            "value": 1
        },
        {
            "source": "ZONE1-SCBNET\\1166361",
            "target": "some-lowend laptop",
            "value": 1
        },
        {
            "source": "ZONE1-SCBNET\\1459824",
            "target": "some-lowend laptop",
            "value": 1
        },
        {
            "source": "ZONE1-SCBNET\\1573935",
            "target": "some-lowend laptop",
            "value": 1
        },
        {
            "source": "ZONE1-SCBNET\\1327315",
            "target": "some-lowend laptop",
            "value": 1
        },
        {
            "source": "ZONE1-SCBNET\\1251249",
            "target": "some-lowend laptop",
            "value": 1
        },
        {
            "source": "ZONE1-SCBNET\\1334038",
            "target": "some-midrange laptop",
            "value": 1
        },
        {
            "source": "ZONE1-SCBNET\\1539045",
            "target": "some-lowend laptop",
            "value": 1
        },
        {
            "source": "ZONE1-SCBNET\\1602989",
            "target": "some-lowend laptop",
            "value": 1
        },
        {
            "source": "ZONE1-SCBNET\\1587542",
            "target": "some-lowend laptop",
            "value": 1
        },
        {
            "source": "ZONE1-SCBNET\\1547553",
            "target": "some-lowend laptop",
            "value": 1
        },
        {
            "source": "ZONE1-SCBNET\\1620301",
            "target": "some-lowend laptop",
            "value": 1
        },
        {
            "source": "ZONE1-SCBNET\\1316528",
            "target": "some-lowend laptop",
            "value": 1
        },
        {
            "source": "ZONE1-SCBNET\\1294840",
            "target": "some-lowend laptop",
            "value": 1
        },
        {
            "source": "ROOT-SCBNET\\o.1280678",
            "target": "some-lowend laptop",
            "value": 1
        },
        {
            "source": "ZONE1-SCBNET\\1587385",
            "target": "some-lowend laptop",
            "value": 1
        },
        {
            "source": "ZONE1-SCBNET\\1479665",
            "target": "some-lowend laptop",
            "value": 1
        },
        {
            "source": "ZONE2-SCBNET\\1009450",
            "target": "some-lowend laptop",
            "value": 1
        },
        {
            "source": "ZONE2-SCBNET\\1181123",
            "target": "some-lowend laptop",
            "value": 1
        },
        {
            "source": "ZONE2-SCBNET\\1009167",
            "target": "some-lowend laptop",
            "value": 1
        },
        {
            "source": "ZONE1-SCBNET\\1422933",
            "target": "some-lowend laptop",
            "value": 1
        },
        {
            "source": "ZONE1-SCBNET\\1575669",
            "target": "some-lowend laptop",
            "value": 1
        },
        {
            "source": "ZONE3-SCBNET\\1385801",
            "target": "some-lowend laptop",
            "value": 1
        },
        {
            "source": "ZONE1-SCBNET\\1190389",
            "target": "some-lowend laptop",
            "value": 1
        },
        {
            "source": "ZONE1-SCBNET\\1134798",
            "target": "some-lowend laptop - 2",
            "value": 1
        },
        {
            "source": "ZONE2-SCBNET\\1320663",
            "target": "some-lowend laptop",
            "value": 1
        },
        {
            "source": "ZONE1-SCBNET\\1613893",
            "target": "some-lowend laptop",
            "value": 1
        },
        {
            "source": "ZONE1-SCBNET\\1586924",
            "target": "some-lowend laptop",
            "value": 1
        },
        {
            "source": "ZONE1-SCBNET\\1584517",
            "target": "some-lowend laptop",
            "value": 1
        },
        {
            "source": "ZONE1-SCBNET\\1474620",
            "target": "some-lowend laptop",
            "value": 1
        },
        {
            "source": "ZONE1-SCBNET\\1391232",
            "target": "some-lowend laptop",
            "value": 1
        },
        {
            "source": "ZONE1-SCBNET\\1597245",
            "target": "some-lowend laptop",
            "value": 1
        },
        {
            "source": "ZONE1-SCBNET\\1570721",
            "target": "some-lowend laptop",
            "value": 1
        },
        {
            "source": "ZONE2-SCBNET\\1500584",
            "target": "some-lowend laptop",
            "value": 1
        },
        {
            "source": "ZONE1-SCBNET\\1180859",
            "target": "some-lowend laptop - 2",
            "value": 1
        },
        {
            "source": "ZONE1-SCBNET\\1621851",
            "target": "some-lowend laptop",
            "value": 1
        },
        {
            "source": "ZONE2-SCBNET\\1227403",
            "target": "some-lowend laptop",
            "value": 1
        },
        {
            "source": "ZONE1-SCBNET\\1130037",
            "target": "some-lowend laptop",
            "value": 1
        },
        {
            "source": "ZONE1-SCBNET\\1126331",
            "target": "some-lowend laptop",
            "value": 1
        },
        {
            "source": "ZONE1-SCBNET\\1567020",
            "target": "some-lowend laptop",
            "value": 1
        },
        {
            "source": "ZONE1-SCBNET\\tw.bsuser",
            "target": "some-lowend laptop",
            "value": 1
        },
        {
            "source": "ZONE1-SCBNET\\1595407",
            "target": "some-lowend laptop",
            "value": 1
        },
        {
            "source": "ZONE1-SCBNET\\1591541",
            "target": "some-lowend laptop",
            "value": 1
        },
        {
            "source": "ZONE1-SCBNET\\1492122",
            "target": "some-lowend laptop",
            "value": 1
        },
        {
            "source": "ZONE1-SCBNET\\1499578",
            "target": "some-lowend laptop",
            "value": 1
        },
        {
            "source": "ZONE1-SCBNET\\1576884",
            "target": "some-lowend laptop",
            "value": 1
        },
        {
            "source": "ZONE1-SCBNET\\1589440",
            "target": "some-lowend laptop",
            "value": 1
        },
        {
            "source": "ZONE1-SCBNET\\1153521",
            "target": "some-lowend laptop",
            "value": 1
        },
        {
            "source": "ZONE3-SCBNET\\1520917",
            "target": "some-lowend laptop",
            "value": 1
        },
        {
            "source": "ZONE1-SCBNET\\1478149",
            "target": "some-lowend laptop",
            "value": 1
        },
        {
            "source": "ZONE1-SCBNET\\1552411",
            "target": "some-lowend laptop - 2",
            "value": 1
        },
        {
            "source": "ZONE1-SCBNET\\1330122",
            "target": "some-lowend laptop",
            "value": 1
        },
        {
            "source": "ZONE1-SCBNET\\1245448",
            "target": "some-lowend laptop",
            "value": 1
        },
        {
            "source": "ZONE3-SCBNET\\1521231",
            "target": "some-lowend laptop",
            "value": 1
        },
        {
            "source": "ZONE1-SCBNET\\1618201",
            "target": "some-lowend laptop",
            "value": 1
        },
        {
            "source": "ZONE1-SCBNET\\1619448",
            "target": "some-lowend laptop",
            "value": 1
        },
        {
            "source": "ZONE1-SCBNET\\1618246",
            "target": "some-lowend laptop",
            "value": 1
        },
        {
            "source": "ZONE1-SCBNET\\1217731",
            "target": "some-lowend laptop",
            "value": 1
        },
        {
            "source": "ZONE1-SCBNET\\1529524",
            "target": "some-lowend laptop",
            "value": 1
        },
        {
            "source": "ZONE1-SCBNET\\1591344",
            "target": "some-lowend laptop",
            "value": 1
        },
        {
            "source": "ZONE1-SCBNET\\1441095",
            "target": "some-lowend laptop",
            "value": 1
        },
        {
            "source": "ZONE1-SCBNET\\1502773",
            "target": "some-lowend laptop",
            "value": 1
        },
        {
            "source": "ZONE1-SCBNET\\1588782",
            "target": "some-lowend laptop",
            "value": 1
        },
        {
            "source": "ZONE3-SCBNET\\1399151",
            "target": "some-midrange laptop",
            "value": 1
        },
        {
            "source": "ZONE1-SCBNET\\1405531",
            "target": "some-lowend laptop",
            "value": 1
        },
        {
            "source": "ZONE1-SCBNET\\1570420",
            "target": "some-lowend laptop",
            "value": 1
        },
        {
            "source": "ZONE1-SCBNET\\1417576",
            "target": "some-lowend laptop",
            "value": 1
        },
        {
            "source": "ZONE1-SCBNET\\1333116",
            "target": "some-lowend laptop",
            "value": 1
        },
        {
            "source": "ZONE1-SCBNET\\1536537",
            "target": "some-lowend laptop",
            "value": 1
        },
        {
            "source": "ZONE1-SCBNET\\1130842",
            "target": "some-lowend laptop",
            "value": 1
        },
        {
            "source": "ZONE1-SCBNET\\1603452",
            "target": "some-lowend laptop",
            "value": 1
        },
        {
            "source": "ZONE1-SCBNET\\1466081",
            "target": "some-midrange laptop",
            "value": 1
        },
        {
            "source": "ZONE1-SCBNET\\1565561",
            "target": "some-lowend laptop",
            "value": 1
        },
        {
            "source": "ZONE1-SCBNET\\1572283",
            "target": "some-lowend laptop",
            "value": 1
        },
        {
            "source": "ZONE1-SCBNET\\1583458",
            "target": "some-lowend laptop",
            "value": 1
        },
        {
            "source": "ZONE1-SCBNET\\1360610",
            "target": "some-lowend laptop",
            "value": 1
        },
        {
            "source": "ZONE3-SCBNET\\1195444",
            "target": "some-lowend laptop",
            "value": 1
        },
        {
            "source": "ZONE2-SCBNET\\1475971",
            "target": "some-lowend laptop",
            "value": 1
        },
        {
            "source": "ZONE1-SCBNET\\1234322",
            "target": "some-lowend laptop",
            "value": 1
        },
        {
            "source": "ZONE1-SCBNET\\1003452",
            "target": "some-lowend laptop",
            "value": 1
        },
        {
            "source": "ZONE1-SCBNET\\1595597",
            "target": "some-midrange laptop",
            "value": 1
        },
        {
            "source": "ZONE1-SCBNET\\1134515",
            "target": "some-lowend laptop",
            "value": 1
        },
        {
            "source": "ZONE1-SCBNET\\1548030",
            "target": "some-lowend laptop - 2",
            "value": 1
        },
        {
            "source": "ZONE1-SCBNET\\1148597",
            "target": "some-lowend laptop",
            "value": 1
        },
        {
            "source": "ZONE1-SCBNET\\1235980",
            "target": "some-lowend laptop",
            "value": 1
        },
        {
            "source": "ZONE1-SCBNET\\1508177",
            "target": "some-lowend laptop",
            "value": 1
        },
        {
            "source": "ZONE1-SCBNET\\1516606",
            "target": "some-lowend laptop",
            "value": 1
        },
        {
            "source": "ZONE1-SCBNET\\1453624",
            "target": "some-lowend laptop - 2",
            "value": 1
        },
        {
            "source": "ZONE3-SCBNET\\1195273",
            "target": "some-lowend laptop",
            "value": 1
        },
        {
            "source": "ZONE1-SCBNET\\1534458",
            "target": "some-lowend laptop",
            "value": 1
        },
        {
            "source": "ZONE1-SCBNET\\1324802",
            "target": "some-lowend laptop - 2",
            "value": 1
        },
        {
            "source": "ZONE1-SCBNET\\1579663",
            "target": "some-lowend laptop",
            "value": 1
        },
        {
            "source": "ZONE1-SCBNET\\1506162",
            "target": "some-lowend laptop",
            "value": 1
        },
        {
            "source": "ZONE1-SCBNET\\1575565",
            "target": "some-lowend laptop",
            "value": 1
        },
        {
            "source": "ZONE1-SCBNET\\g.my.payments.001",
            "target": "some-lowend laptop",
            "value": 1
        },
        {
            "source": "ZONE2-SCBNET\\1177449",
            "target": "some-lowend laptop",
            "value": 1
        },
        {
            "source": "ZONE1-SCBNET\\1479273",
            "target": "some-lowend laptop",
            "value": 1
        },
        {
            "source": "ZONE1-SCBNET\\1419973",
            "target": "some-lowend laptop",
            "value": 1
        },
        {
            "source": "ZONE1-SCBNET\\o.1419973",
            "target": "some-lowend laptop",
            "value": 1
        },
        {
            "source": "ZONE1-SCBNET\\1184914",
            "target": "some-lowend laptop",
            "value": 1
        },
        {
            "source": "ZONE2-SCBNET\\1019684",
            "target": "some-lowend laptop",
            "value": 1
        },
        {
            "source": "ZONE1-SCBNET\\1622172",
            "target": "some-lowend laptop",
            "value": 1
        },
        {
            "source": "ZONE1-SCBNET\\1596665",
            "target": "some-midrange laptop",
            "value": 1
        },
        {
            "source": "ZONE2-SCBNET\\1320864",
            "target": "some-lowend laptop",
            "value": 1
        },
        {
            "source": "ZONE1-SCBNET\\1301134",
            "target": "some-lowend laptop",
            "value": 1
        },
        {
            "source": "ZONE1-SCBNET\\1464265",
            "target": "some-lowend laptop",
            "value": 1
        },
        {
            "source": "ZONE1-SCBNET\\1465337",
            "target": "some-lowend laptop",
            "value": 1
        },
        {
            "source": "ZONE1-SCBNET\\1506444",
            "target": "some-lowend laptop",
            "value": 1
        },
        {
            "source": "ZONE1-SCBNET\\1607513",
            "target": "some-lowend laptop",
            "value": 1
        },
        {
            "source": "ZONE1-SCBNET\\tw.br065",
            "target": "some-lowend laptop",
            "value": 1
        },
        {
            "source": "ZONE1-SCBNET\\1446283",
            "target": "some-lowend laptop",
            "value": 1
        },
        {
            "source": "ZONE1-SCBNET\\1566797",
            "target": "some-lowend laptop",
            "value": 1
        },
        {
            "source": "ZONE1-SCBNET\\1422560",
            "target": "some-lowend laptop",
            "value": 1
        },
        {
            "source": "ZONE1-SCBNET\\1149394",
            "target": "some-lowend laptop",
            "value": 1
        },
        {
            "source": "ZONE1-SCBNET\\1525130",
            "target": "some-lowend laptop",
            "value": 1
        },
        {
            "source": "ZONE1-SCBNET\\1519804",
            "target": "some-lowend laptop",
            "value": 1
        },
        {
            "source": "ZONE3-SCBNET\\1297430",
            "target": "some-lowend laptop",
            "value": 1
        },
        {
            "source": "ZONE1-SCBNET\\1566348",
            "target": "some-lowend laptop",
            "value": 1
        },
        {
            "source": "ZONE1-SCBNET\\1582817",
            "target": "some-lowend laptop - 2",
            "value": 1
        },
        {
            "source": "ZONE1-SCBNET\\1614600",
            "target": "some-lowend laptop",
            "value": 1
        },
        {
            "source": "ZONE1-SCBNET\\1405353",
            "target": "some-lowend laptop",
            "value": 1
        },
        {
            "source": "ZONE1-SCBNET\\1553255",
            "target": "some-lowend laptop",
            "value": 1
        },
        {
            "source": "ZONE2-SCBNET\\1590643",
            "target": "some-lowend laptop",
            "value": 1
        },
        {
            "source": "ZONE2-SCBNET\\1562185",
            "target": "some-lowend laptop",
            "value": 1
        },
        {
            "source": "ZONE1-SCBNET\\1476213",
            "target": "some-lowend laptop",
            "value": 1
        },
        {
            "source": "ZONE1-SCBNET\\1567253",
            "target": "some-lowend laptop",
            "value": 1
        },
        {
            "source": "ZONE1-SCBNET\\1200249",
            "target": "some-lowend laptop",
            "value": 1
        },
        {
            "source": "ZONE1-SCBNET\\1610708",
            "target": "some-lowend laptop",
            "value": 1
        },
        {
            "source": "ZONE2-SCBNET\\1439162",
            "target": "some-lowend laptop",
            "value": 1
        },
        {
            "source": "ZONE1-SCBNET\\1446661",
            "target": "some-lowend laptop",
            "value": 1
        },
        {
            "source": "ZONE1-SCBNET\\1388454",
            "target": "some-lowend laptop",
            "value": 1
        },
        {
            "source": "ZONE3-SCBNET\\1463429",
            "target": "some-lowend laptop",
            "value": 1
        },
        {
            "source": "ZONE1-SCBNET\\1187670",
            "target": "some-lowend laptop",
            "value": 1
        },
        {
            "source": "ZONE1-SCBNET\\1548997",
            "target": "some-lowend laptop",
            "value": 1
        },
        {
            "source": "ZONE2-SCBNET\\1517909",
            "target": "some-lowend laptop",
            "value": 1
        },
        {
            "source": "ZONE1-SCBNET\\1472015",
            "target": "some-lowend laptop",
            "value": 1
        },
        {
            "source": "ZONE1-SCBNET\\1126897",
            "target": "some-lowend laptop",
            "value": 1
        },
        {
            "source": "ZONE1-SCBNET\\1479284",
            "target": "some-lowend laptop",
            "value": 1
        },
        {
            "source": "ZONE1-SCBNET\\1574724",
            "target": "some-lowend laptop",
            "value": 1
        },
        {
            "source": "ZONE1-SCBNET\\1620038",
            "target": "some-lowend laptop - 2",
            "value": 1
        },
        {
            "source": "ZONE1-SCBNET\\1575993",
            "target": "some-lowend laptop",
            "value": 1
        },
        {
            "source": "ZONE1-SCBNET\\1382436",
            "target": "some-lowend laptop",
            "value": 1
        },
        {
            "source": "ZONE2-SCBNET\\1462810",
            "target": "some-lowend laptop",
            "value": 1
        },
        {
            "source": "ZONE1-SCBNET\\1587936",
            "target": "some-lowend laptop - 2",
            "value": 1
        },
        {
            "source": "ZONE1-SCBNET\\1607869",
            "target": "some-lowend laptop",
            "value": 1
        },
        {
            "source": "ZONE3-SCBNET\\1002188",
            "target": "some-midrange laptop",
            "value": 1
        },
        {
            "source": "ZONE1-SCBNET\\1588140",
            "target": "some-lowend laptop",
            "value": 1
        },
        {
            "source": "ROOT-SCBNET\\o.1604002",
            "target": "some-lowend laptop",
            "value": 1
        },
        {
            "source": "ZONE1-SCBNET\\1562579",
            "target": "some-lowend laptop",
            "value": 1
        },
        {
            "source": "ZONE2-SCBNET\\1596991",
            "target": "some-lowend laptop",
            "value": 1
        },
        {
            "source": "ZONE3-SCBNET\\1529220",
            "target": "some-lowend laptop",
            "value": 1
        },
        {
            "source": "ZONE3-SCBNET\\1393592",
            "target": "some-lowend laptop",
            "value": 1
        },
        {
            "source": "ZONE1-SCBNET\\1599432",
            "target": "some-lowend laptop - 2",
            "value": 1
        },
        {
            "source": "ZONE1-SCBNET\\1198714",
            "target": "some-lowend laptop",
            "value": 1
        },
        {
            "source": "ZONE1-SCBNET\\1324970",
            "target": "some-lowend laptop",
            "value": 1
        },
        {
            "source": "ZONE1-SCBNET\\1615832",
            "target": "some-lowend laptop",
            "value": 1
        },
        {
            "source": "ZONE1-SCBNET\\1622340",
            "target": "some-lowend laptop",
            "value": 1
        },
        {
            "source": "ZONE1-SCBNET\\1540650",
            "target": "some-lowend laptop",
            "value": 1
        },
        {
            "source": "ZONE3-SCBNET\\1333017",
            "target": "some-lowend laptop",
            "value": 1
        },
        {
            "source": "ZONE1-SCBNET\\1258501",
            "target": "some-lowend laptop",
            "value": 1
        },
        {
            "source": "ZONE1-SCBNET\\1103331",
            "target": "some-lowend laptop",
            "value": 1
        },
        {
            "source": "ZONE1-SCBNET\\1607123",
            "target": "some-lowend laptop",
            "value": 1
        },
        {
            "source": "ZONE1-SCBNET\\1568099",
            "target": "some-lowend laptop",
            "value": 1
        },
        {
            "source": "ZONE1-SCBNET\\1451484",
            "target": "some-lowend laptop",
            "value": 1
        },
        {
            "source": "ZONE1-SCBNET\\1613711",
            "target": "some-lowend laptop",
            "value": 1
        },
        {
            "source": "ZONE1-SCBNET\\1433540",
            "target": "some-lowend laptop",
            "value": 1
        },
        {
            "source": "ZONE1-SCBNET\\1202657",
            "target": "some-lowend laptop",
            "value": 1
        },
        {
            "source": "ZONE1-SCBNET\\1424385",
            "target": "some-lowend laptop",
            "value": 1
        },
        {
            "source": "ZONE1-SCBNET\\1512639",
            "target": "some-lowend laptop - 2",
            "value": 1
        },
        {
            "source": "ZONE1-SCBNET\\1518183",
            "target": "some-lowend laptop",
            "value": 1
        },
        {
            "source": "ZONE1-SCBNET\\1502299",
            "target": "some-lowend laptop",
            "value": 1
        },
        {
            "source": "ZONE1-SCBNET\\1460117",
            "target": "some-lowend laptop",
            "value": 1
        },
        {
            "source": "ZONE1-SCBNET\\1523535",
            "target": "some-lowend laptop",
            "value": 1
        },
        {
            "source": "ZONE1-SCBNET\\1300945",
            "target": "some-lowend laptop",
            "value": 1
        },
        {
            "source": "ZONE1-SCBNET\\1465930",
            "target": "some-lowend laptop",
            "value": 1
        },
        {
            "source": "ZONE1-SCBNET\\1366185",
            "target": "some-lowend laptop",
            "value": 1
        },
        {
            "source": "ZONE1-SCBNET\\1169461",
            "target": "some-lowend laptop",
            "value": 1
        },
        {
            "source": "ZONE1-SCBNET\\1573453",
            "target": "some-lowend laptop",
            "value": 1
        },
        {
            "source": "ZONE1-SCBNET\\1555926",
            "target": "some-lowend laptop",
            "value": 1
        },
        {
            "source": "ZONE1-SCBNET\\1617446",
            "target": "some-lowend laptop",
            "value": 1
        },
        {
            "source": "ZONE1-SCBNET\\1573410",
            "target": "some-lowend laptop",
            "value": 1
        },
        {
            "source": "ZONE1-SCBNET\\1403984",
            "target": "some-lowend laptop",
            "value": 1
        },
        {
            "source": "ZONE1-SCBNET\\1247152",
            "target": "some-lowend laptop",
            "value": 1
        },
        {
            "source": "ZONE1-SCBNET\\1511553",
            "target": "some-lowend laptop",
            "value": 1
        },
        {
            "source": "ZONE1-SCBNET\\1558584",
            "target": "some-lowend laptop",
            "value": 1
        },
        {
            "source": "ZONE1-SCBNET\\1253247",
            "target": "some-lowend laptop",
            "value": 1
        },
        {
            "source": "ZONE1-SCBNET\\1483678",
            "target": "some-lowend laptop",
            "value": 1
        },
        {
            "source": "ZONE1-SCBNET\\1498922",
            "target": "some-lowend laptop",
            "value": 1
        },
        {
            "source": "ZONE1-SCBNET\\1588321",
            "target": "some-lowend laptop",
            "value": 1
        },
        {
            "source": "ZONE1-SCBNET\\1567746",
            "target": "some-lowend laptop",
            "value": 1
        },
        {
            "source": "ZONE1-SCBNET\\1341691",
            "target": "some-lowend laptop",
            "value": 1
        },
        {
            "source": "ZONE1-SCBNET\\1486217",
            "target": "some-lowend laptop",
            "value": 1
        },
        {
            "source": "ZONE1-SCBNET\\1548180",
            "target": "some-lowend laptop",
            "value": 1
        },
        {
            "source": "ZONE1-SCBNET\\1447733",
            "target": "some-lowend laptop - 2",
            "value": 1
        },
        {
            "source": "ROOT-SCBNET\\o.1597915",
            "target": "some-lowend laptop",
            "value": 1
        },
        {
            "source": "ZONE1-SCBNET\\1324561",
            "target": "some-lowend laptop - 2",
            "value": 1
        },
        {
            "source": "ZONE1-SCBNET\\1497491",
            "target": "some-lowend laptop - 2",
            "value": 1
        },
        {
            "source": "ZONE1-SCBNET\\1507098",
            "target": "some-lowend laptop",
            "value": 1
        },
        {
            "source": "ZONE1-SCBNET\\1480924",
            "target": "some-lowend laptop",
            "value": 1
        },
        {
            "source": "ZONE2-SCBNET\\1552047",
            "target": "some-lowend laptop",
            "value": 1
        },
        {
            "source": "ZONE1-SCBNET\\1130725",
            "target": "some-lowend laptop",
            "value": 1
        },
        {
            "source": "ZONE1-SCBNET\\1337253",
            "target": "some-lowend laptop",
            "value": 1
        },
        {
            "source": "ZONE1-SCBNET\\1564814",
            "target": "some-lowend laptop",
            "value": 1
        },
        {
            "source": "ZONE1-SCBNET\\1486761",
            "target": "some-lowend laptop",
            "value": 1
        },
        {
            "source": "ZONE1-SCBNET\\1517460",
            "target": "some-lowend laptop",
            "value": 1
        },
        {
            "source": "ZONE1-SCBNET\\1547866",
            "target": "some-lowend laptop",
            "value": 1
        },
        {
            "source": "ZONE1-SCBNET\\1518436",
            "target": "some-lowend laptop",
            "value": 1
        },
        {
            "source": "ZONE1-SCBNET\\1612063",
            "target": "some-lowend laptop - 2",
            "value": 1
        },
        {
            "source": "ZONE1-SCBNET\\1484184",
            "target": "some-lowend laptop",
            "value": 1
        },
        {
            "source": "ZONE1-SCBNET\\1336008",
            "target": "some-lowend laptop",
            "value": 1
        },
        {
            "source": "ZONE1-SCBNET\\1597657",
            "target": "some-lowend laptop",
            "value": 1
        },
        {
            "source": "ZONE1-SCBNET\\1395238",
            "target": "some-lowend laptop",
            "value": 1
        },
        {
            "source": "ZONE1-SCBNET\\1446854",
            "target": "some-lowend laptop",
            "value": 1
        },
        {
            "source": "ZONE1-SCBNET\\1476250",
            "target": "some-lowend laptop",
            "value": 1
        },
        {
            "source": "ZONE1-SCBNET\\1538685",
            "target": "some-lowend laptop",
            "value": 1
        },
        {
            "source": "ZONE1-SCBNET\\1103305",
            "target": "some-lowend laptop",
            "value": 1
        },
        {
            "source": "ZONE3-SCBNET\\1347937",
            "target": "some-lowend laptop",
            "value": 1
        },
        {
            "source": "ZONE1-SCBNET\\1503723",
            "target": "some-lowend laptop",
            "value": 1
        },
        {
            "source": "ZONE1-SCBNET\\1597804",
            "target": "some-lowend laptop",
            "value": 1
        },
        {
            "source": "ZONE1-SCBNET\\1541924",
            "target": "some-lowend laptop",
            "value": 1
        },
        {
            "source": "ZONE1-SCBNET\\1566883",
            "target": "some-lowend laptop",
            "value": 1
        },
        {
            "source": "ZONE1-SCBNET\\1561262",
            "target": "some-lowend laptop - 2",
            "value": 1
        },
        {
            "source": "ZONE1-SCBNET\\1468764",
            "target": "some-lowend laptop",
            "value": 1
        },
        {
            "source": "ZONE2-SCBNET\\1479985",
            "target": "some-lowend laptop",
            "value": 1
        },
        {
            "source": "ZONE2-SCBNET\\1512165",
            "target": "some-lowend laptop",
            "value": 1
        },
        {
            "source": "ZONE1-SCBNET\\1387891",
            "target": "some-lowend laptop",
            "value": 1
        },
        {
            "source": "ZONE3-SCBNET\\1587600",
            "target": "some-lowend laptop",
            "value": 1
        },
        {
            "source": "ZONE1-SCBNET\\1151386",
            "target": "some-lowend laptop",
            "value": 1
        },
        {
            "source": "ZONE1-SCBNET\\1529758",
            "target": "some-lowend laptop",
            "value": 1
        },
        {
            "source": "ZONE1-SCBNET\\tw.br015",
            "target": "some-lowend laptop",
            "value": 1
        },
        {
            "source": "ZONE1-SCBNET\\1594210",
            "target": "some-lowend laptop",
            "value": 1
        },
        {
            "source": "ZONE1-SCBNET\\1169941",
            "target": "some-lowend laptop",
            "value": 1
        },
        {
            "source": "ZONE1-SCBNET\\1508577",
            "target": "some-lowend laptop",
            "value": 1
        },
        {
            "source": "ZONE1-SCBNET\\1129381",
            "target": "some-lowend laptop",
            "value": 1
        },
        {
            "source": "ZONE1-SCBNET\\1613567",
            "target": "some-lowend laptop",
            "value": 1
        },
        {
            "source": "ZONE2-SCBNET\\1489046",
            "target": "some-lowend laptop",
            "value": 1
        },
        {
            "source": "ZONE2-SCBNET\\1475795",
            "target": "some-lowend laptop",
            "value": 1
        },
        {
            "source": "ZONE1-SCBNET\\1455979",
            "target": "some-lowend laptop",
            "value": 1
        },
        {
            "source": "ZONE1-SCBNET\\1316577",
            "target": "some-lowend laptop",
            "value": 1
        },
        {
            "source": "ZONE1-SCBNET\\1002302",
            "target": "some-lowend laptop",
            "value": 1
        },
        {
            "source": "ZONE1-SCBNET\\1208258",
            "target": "some-lowend laptop",
            "value": 1
        },
        {
            "source": "ZONE1-SCBNET\\1614762",
            "target": "some-lowend laptop",
            "value": 1
        },
        {
            "source": "ZONE3-SCBNET\\1513579",
            "target": "some-lowend laptop",
            "value": 1
        },
        {
            "source": "ZONE1-SCBNET\\1466580",
            "target": "some-lowend laptop",
            "value": 1
        },
        {
            "source": "ZONE1-SCBNET\\1549177",
            "target": "some-lowend laptop",
            "value": 1
        },
        {
            "source": "ZONE1-SCBNET\\1323654",
            "target": "some-lowend laptop",
            "value": 1
        },
        {
            "source": "ZONE2-SCBNET\\1543215",
            "target": "some-lowend laptop",
            "value": 1
        },
        {
            "source": "ZONE1-SCBNET\\1477235",
            "target": "some-lowend laptop",
            "value": 1
        },
        {
            "source": "ZONE2-SCBNET\\1400895",
            "target": "some-lowend laptop",
            "value": 1
        },
        {
            "source": "ZONE1-SCBNET\\1118107",
            "target": "some-lowend laptop",
            "value": 1
        },
        {
            "source": "ZONE1-SCBNET\\1572075",
            "target": "some-lowend laptop",
            "value": 1
        },
        {
            "source": "ZONE1-SCBNET\\1431669",
            "target": "some-lowend laptop",
            "value": 1
        },
        {
            "source": "ZONE1-SCBNET\\1546549",
            "target": "some-lowend laptop",
            "value": 1
        },
        {
            "source": "ZONE1-SCBNET\\1374154",
            "target": "some-lowend laptop - 2",
            "value": 1
        },
        {
            "source": "ZONE1-SCBNET\\1599851",
            "target": "some-lowend laptop",
            "value": 1
        },
        {
            "source": "ZONE3-SCBNET\\1446044",
            "target": "some-lowend laptop",
            "value": 1
        },
        {
            "source": "ZONE1-SCBNET\\1557686",
            "target": "some-lowend laptop - 2",
            "value": 1
        },
        {
            "source": "ZONE1-SCBNET\\1356938",
            "target": "some-lowend laptop",
            "value": 1
        },
        {
            "source": "ZONE1-SCBNET\\1581777",
            "target": "some-lowend laptop",
            "value": 1
        },
        {
            "source": "ZONE1-SCBNET\\tw.br052",
            "target": "some-lowend laptop",
            "value": 1
        },
        {
            "source": "ZONE1-SCBNET\\1178680",
            "target": "some-lowend laptop",
            "value": 1
        },
        {
            "source": "ZONE1-SCBNET\\1166969",
            "target": "some-lowend laptop",
            "value": 1
        },
        {
            "source": "ZONE1-SCBNET\\1356084",
            "target": "some-good laptop",
            "value": 1
        },
        {
            "source": "ZONE1-SCBNET\\1557657",
            "target": "some-lowend laptop",
            "value": 1
        },
        {
            "source": "ZONE1-SCBNET\\1321179",
            "target": "some-lowend laptop",
            "value": 1
        },
        {
            "source": "ZONE1-SCBNET\\1569365",
            "target": "some-lowend laptop",
            "value": 1
        },
        {
            "source": "ZONE1-SCBNET\\1342096",
            "target": "some-lowend laptop",
            "value": 1
        },
        {
            "source": "ZONE1-SCBNET\\1610046",
            "target": "some-lowend laptop",
            "value": 1
        },
        {
            "source": "ZONE1-SCBNET\\1230949",
            "target": "some-lowend laptop",
            "value": 1
        },
        {
            "source": "ZONE1-SCBNET\\1550952",
            "target": "some-lowend laptop",
            "value": 1
        },
        {
            "source": "ZONE1-SCBNET\\1586256",
            "target": "some-lowend laptop",
            "value": 1
        },
        {
            "source": "ZONE1-SCBNET\\1499239",
            "target": "some-lowend laptop",
            "value": 1
        },
        {
            "source": "ZONE1-SCBNET\\1428324",
            "target": "some-lowend laptop - 2",
            "value": 1
        },
        {
            "source": "ZONE1-SCBNET\\1279260",
            "target": "some-lowend laptop",
            "value": 1
        },
        {
            "source": "ZONE1-SCBNET\\1393991",
            "target": "some-lowend laptop",
            "value": 1
        },
        {
            "source": "ZONE1-SCBNET\\1380407",
            "target": "some-lowend laptop",
            "value": 1
        },
        {
            "source": "ZONE1-SCBNET\\1126352",
            "target": "some-lowend laptop",
            "value": 1
        },
        {
            "source": "ZONE1-SCBNET\\1470618",
            "target": "some-lowend laptop",
            "value": 1
        },
        {
            "source": "ZONE1-SCBNET\\1622545",
            "target": "some-lowend laptop",
            "value": 1
        },
        {
            "source": "ZONE1-SCBNET\\1260218",
            "target": "some-lowend laptop",
            "value": 1
        },
        {
            "source": "ZONE3-SCBNET\\1153903",
            "target": "some-lowend laptop",
            "value": 1
        },
        {
            "source": "ZONE1-SCBNET\\1407644",
            "target": "some-lowend laptop",
            "value": 1
        },
        {
            "source": "ZONE1-SCBNET\\1570316",
            "target": "some-lowend laptop",
            "value": 1
        },
        {
            "source": "ZONE1-SCBNET\\1144908",
            "target": "some-lowend laptop",
            "value": 1
        },
        {
            "source": "ZONE1-SCBNET\\1616356",
            "target": "some-lowend laptop",
            "value": 1
        },
        {
            "source": "ZONE1-SCBNET\\1563276",
            "target": "some-lowend laptop",
            "value": 1
        },
        {
            "source": "ZONE1-SCBNET\\1359191",
            "target": "some-lowend laptop",
            "value": 1
        },
        {
            "source": "ZONE1-SCBNET\\1512642",
            "target": "some-lowend laptop",
            "value": 1
        },
        {
            "source": "ZONE1-SCBNET\\1608786",
            "target": "some-lowend laptop",
            "value": 1
        },
        {
            "source": "ZONE1-SCBNET\\1283445",
            "target": "some-lowend laptop",
            "value": 1
        },
        {
            "source": "ZONE2-SCBNET\\1010557",
            "target": "some-lowend laptop",
            "value": 1
        },
        {
            "source": "ZONE1-SCBNET\\1580226",
            "target": "some-lowend laptop",
            "value": 1
        },
        {
            "source": "ZONE1-SCBNET\\1178986",
            "target": "some-lowend laptop",
            "value": 1
        },
        {
            "source": "ZONE1-SCBNET\\1602209",
            "target": "some-lowend laptop",
            "value": 1
        },
        {
            "source": "ZONE1-SCBNET\\1575023",
            "target": "some-lowend laptop - 2",
            "value": 1
        },
        {
            "source": "ZONE1-SCBNET\\1389287",
            "target": "some-lowend laptop - 2",
            "value": 1
        },
        {
            "source": "ZONE1-SCBNET\\1234604",
            "target": "some-lowend laptop",
            "value": 1
        },
        {
            "source": "ZONE1-SCBNET\\1187616",
            "target": "some-lowend laptop",
            "value": 1
        },
        {
            "source": "ZONE2-SCBNET\\1448398",
            "target": "some-lowend laptop",
            "value": 1
        },
        {
            "source": "ZONE1-SCBNET\\1459504",
            "target": "some-lowend laptop",
            "value": 1
        },
        {
            "source": "ZONE1-SCBNET\\1352373",
            "target": "some-lowend laptop - 2",
            "value": 1
        },
        {
            "source": "ZONE1-SCBNET\\1510064",
            "target": "some-lowend laptop",
            "value": 1
        },
        {
            "source": "ZONE1-SCBNET\\1516318",
            "target": "some-lowend laptop",
            "value": 1
        },
        {
            "source": "ZONE1-SCBNET\\1547843",
            "target": "some-lowend laptop",
            "value": 1
        },
        {
            "source": "ZONE2-SCBNET\\1517784",
            "target": "some-lowend laptop",
            "value": 1
        },
        {
            "source": "ZONE1-SCBNET\\1576314",
            "target": "some-lowend laptop",
            "value": 1
        },
        {
            "source": "ZONE1-SCBNET\\1488109",
            "target": "some-lowend laptop",
            "value": 1
        },
        {
            "source": "ZONE1-SCBNET\\1487450",
            "target": "some-lowend laptop",
            "value": 1
        },
        {
            "source": "ZONE1-SCBNET\\1521704",
            "target": "some-lowend laptop",
            "value": 1
        },
        {
            "source": "ZONE1-SCBNET\\1496361",
            "target": "some-lowend laptop",
            "value": 1
        },
        {
            "source": "ZONE1-SCBNET\\1412159",
            "target": "some-lowend laptop",
            "value": 1
        },
        {
            "source": "ZONE2-SCBNET\\1499435",
            "target": "some-lowend laptop",
            "value": 1
        },
        {
            "source": "ZONE1-SCBNET\\1597668",
            "target": "some-lowend laptop",
            "value": 1
        },
        {
            "source": "ZONE1-SCBNET\\1576523",
            "target": "some-lowend laptop",
            "value": 1
        },
        {
            "source": "ZONE1-SCBNET\\1578824",
            "target": "some-lowend laptop",
            "value": 1
        },
        {
            "source": "ZONE1-SCBNET\\1607160",
            "target": "some-lowend laptop",
            "value": 1
        },
        {
            "source": "ZONE1-SCBNET\\1498140",
            "target": "some-lowend laptop",
            "value": 1
        },
        {
            "source": "ZONE1-SCBNET\\1101941",
            "target": "some-lowend laptop",
            "value": 1
        },
        {
            "source": "ZONE1-SCBNET\\1582549",
            "target": "some-lowend laptop",
            "value": 1
        },
        {
            "source": "ZONE1-SCBNET\\1619782",
            "target": "some-lowend laptop",
            "value": 1
        },
        {
            "source": "ZONE1-SCBNET\\1254431",
            "target": "some-lowend laptop",
            "value": 1
        },
        {
            "source": "ZONE3-SCBNET\\1134491",
            "target": "some-lowend laptop",
            "value": 1
        },
        {
            "source": "ZONE1-SCBNET\\1335850",
            "target": "some-lowend laptop",
            "value": 1
        },
        {
            "source": "ZONE1-SCBNET\\1361443",
            "target": "some-lowend laptop",
            "value": 1
        },
        {
            "source": "ZONE1-SCBNET\\1515234",
            "target": "some-lowend laptop",
            "value": 1
        },
        {
            "source": "ZONE3-SCBNET\\1419104",
            "target": "some-lowend laptop",
            "value": 1
        },
        {
            "source": "ZONE3-SCBNET\\1617603",
            "target": "some-lowend laptop",
            "value": 1
        },
        {
            "source": "ZONE1-SCBNET\\1473562",
            "target": "some-lowend laptop",
            "value": 1
        },
        {
            "source": "ZONE1-SCBNET\\1608513",
            "target": "some-lowend laptop",
            "value": 1
        },
        {
            "source": "ZONE1-SCBNET\\1593040",
            "target": "some-lowend laptop",
            "value": 1
        },
        {
            "source": "ZONE1-SCBNET\\1466947",
            "target": "some-lowend laptop",
            "value": 1
        },
        {
            "source": "ZONE1-SCBNET\\1457587",
            "target": "some-lowend laptop",
            "value": 1
        },
        {
            "source": "ZONE1-SCBNET\\1198135",
            "target": "some-lowend laptop",
            "value": 1
        },
        {
            "source": "ZONE3-SCBNET\\1188445",
            "target": "some-lowend laptop - 2",
            "value": 1
        },
        {
            "source": "ZONE1-SCBNET\\1585738",
            "target": "some-lowend laptop",
            "value": 1
        },
        {
            "source": "ZONE1-SCBNET\\1349725",
            "target": "some-lowend laptop",
            "value": 1
        },
        {
            "source": "ZONE1-SCBNET\\1507933",
            "target": "some-lowend laptop",
            "value": 1
        },
        {
            "source": "ZONE3-SCBNET\\1600785",
            "target": "some-lowend laptop",
            "value": 1
        },
        {
            "source": "ZONE1-SCBNET\\1410775",
            "target": "some-lowend laptop",
            "value": 1
        },
        {
            "source": "ZONE2-SCBNET\\1448389",
            "target": "some-lowend laptop",
            "value": 1
        },
        {
            "source": "ZONE2-SCBNET\\1404787",
            "target": "some-lowend laptop",
            "value": 1
        },
        {
            "source": "ZONE1-SCBNET\\1532822",
            "target": "some-lowend laptop",
            "value": 1
        },
        {
            "source": "ZONE2-SCBNET\\1461777",
            "target": "some-lowend laptop",
            "value": 1
        },
        {
            "source": "ZONE3-SCBNET\\1170896",
            "target": "some-lowend laptop - 2",
            "value": 1
        },
        {
            "source": "ZONE1-SCBNET\\1280474",
            "target": "some-lowend laptop",
            "value": 1
        },
        {
            "source": "ZONE1-SCBNET\\1235198",
            "target": "some-lowend laptop - 2",
            "value": 1
        },
        {
            "source": "ZONE1-SCBNET\\1556665",
            "target": "some-lowend laptop",
            "value": 1
        },
        {
            "source": "ZONE1-SCBNET\\1167075",
            "target": "some-lowend laptop",
            "value": 1
        },
        {
            "source": "ZONE1-SCBNET\\1568882",
            "target": "some-lowend laptop",
            "value": 1
        },
        {
            "source": "ZONE1-SCBNET\\1518932",
            "target": "some-lowend laptop - 2",
            "value": 1
        },
        {
            "source": "ZONE1-SCBNET\\1578315",
            "target": "some-lowend laptop",
            "value": 1
        },
        {
            "source": "ZONE1-SCBNET\\1521316",
            "target": "some-lowend laptop",
            "value": 1
        },
        {
            "source": "ZONE2-SCBNET\\1233447",
            "target": "some-lowend laptop",
            "value": 1
        },
        {
            "source": "ZONE2-SCBNET\\1192370",
            "target": "some-lowend laptop",
            "value": 1
        },
        {
            "source": "ZONE1-SCBNET\\1541475",
            "target": "some-lowend laptop",
            "value": 1
        },
        {
            "source": "ZONE1-SCBNET\\1163995",
            "target": "some-lowend laptop",
            "value": 1
        },
        {
            "source": "ZONE1-SCBNET\\1230434",
            "target": "some-lowend laptop",
            "value": 1
        },
        {
            "source": "ZONE1-SCBNET\\1564367",
            "target": "some-lowend laptop",
            "value": 1
        },
        {
            "source": "ZONE1-SCBNET\\1315655",
            "target": "some-lowend laptop",
            "value": 1
        },
        {
            "source": "ZONE1-SCBNET\\1564516",
            "target": "some-lowend laptop",
            "value": 1
        },
        {
            "source": "ZONE1-SCBNET\\1588783",
            "target": "some-lowend laptop",
            "value": 1
        },
        {
            "source": "ZONE1-SCBNET\\o.1501841",
            "target": "some-lowend laptop",
            "value": 1
        },
        {
            "source": "ZONE2-SCBNET\\1157444",
            "target": "some-lowend laptop",
            "value": 1
        },
        {
            "source": "ZONE1-SCBNET\\1392994",
            "target": "some-lowend laptop",
            "value": 1
        },
        {
            "source": "ZONE1-SCBNET\\1315575",
            "target": "some-lowend laptop",
            "value": 1
        },
        {
            "source": "ZONE2-SCBNET\\1525727",
            "target": "some-lowend laptop",
            "value": 1
        },
        {
            "source": "ZONE1-SCBNET\\1620612",
            "target": "some-lowend laptop",
            "value": 1
        },
        {
            "source": "ZONE1-SCBNET\\1173160",
            "target": "some-lowend laptop",
            "value": 1
        },
        {
            "source": "ZONE1-SCBNET\\1289495",
            "target": "some-lowend laptop",
            "value": 1
        },
        {
            "source": "ZONE1-SCBNET\\1346195",
            "target": "some-lowend laptop",
            "value": 1
        },
        {
            "source": "ZONE1-SCBNET\\1489934",
            "target": "some-lowend laptop",
            "value": 1
        },
        {
            "source": "ZONE1-SCBNET\\1598175",
            "target": "some-lowend laptop - 2",
            "value": 1
        },
        {
            "source": "ZONE1-SCBNET\\1465326",
            "target": "some-lowend laptop",
            "value": 1
        },
        {
            "source": "ZONE2-SCBNET\\1544687",
            "target": "some-lowend laptop",
            "value": 1
        },
        {
            "source": "some-lowend laptop",
            "target": "terminal server",
            "value": 445
        },
        {
            "source": "some-lowend laptop - 2",
            "target": "small",
            "value": 43
        },
        {
            "source": "some-midrange laptop",
            "target": "medium",
            "value": 9
        },
        {
            "source": "some-good laptop",
            "target": "large",
            "value": 2
        }
    ],
    "nodes": [
        {
            "name": "ZONE1-SCBNET\\1499239"
        },
        {
            "name": "ZONE1-SCBNET\\1622340"
        },
        {
            "name": "ZONE1-SCBNET\\1258501"
        },
        {
            "name": "ZONE1-SCBNET\\1405353"
        },
        {
            "name": "ZONE3-SCBNET\\1600785"
        },
        {
            "name": "ZONE1-SCBNET\\1478149"
        },
        {
            "name": "ZONE1-SCBNET\\1568318"
        },
        {
            "name": "ZONE1-SCBNET\\1324970"
        },
        {
            "name": "ZONE1-SCBNET\\1002302"
        },
        {
            "name": "ZONE1-SCBNET\\1595597"
        },
        {
            "name": "ZONE1-SCBNET\\1360610"
        },
        {
            "name": "ZONE1-SCBNET\\1529524"
        },
        {
            "name": "ZONE1-SCBNET\\1470618"
        },
        {
            "name": "ZONE1-SCBNET\\1578824"
        },
        {
            "name": "ZONE1-SCBNET\\1324561"
        },
        {
            "name": "ZONE2-SCBNET\\1544687"
        },
        {
            "name": "ZONE1-SCBNET\\1435401"
        },
        {
            "name": "ZONE1-SCBNET\\1349725"
        },
        {
            "name": "ZONE3-SCBNET\\1587600"
        },
        {
            "name": "ZONE1-SCBNET\\1151386"
        },
        {
            "name": "ZONE2-SCBNET\\1499435"
        },
        {
            "name": "ZONE1-SCBNET\\1198135"
        },
        {
            "name": "ZONE1-SCBNET\\1608513"
        },
        {
            "name": "ZONE1-SCBNET\\1538685"
        },
        {
            "name": "ZONE1-SCBNET\\1620612"
        },
        {
            "name": "ZONE1-SCBNET\\1524693"
        },
        {
            "name": "ZONE1-SCBNET\\1620301"
        },
        {
            "name": "ZONE1-SCBNET\\1447733"
        },
        {
            "name": "ZONE1-SCBNET\\1508177"
        },
        {
            "name": "ZONE1-SCBNET\\1251298"
        },
        {
            "name": "ZONE1-SCBNET\\1550452"
        },
        {
            "name": "ZONE1-SCBNET\\1239786"
        },
        {
            "name": "ZONE1-SCBNET\\1486217"
        },
        {
            "name": "ZONE1-SCBNET\\1553255"
        },
        {
            "name": "ZONE3-SCBNET\\1419104"
        },
        {
            "name": "ZONE1-SCBNET\\1549177"
        },
        {
            "name": "ZONE1-SCBNET\\1410775"
        },
        {
            "name": "ZONE1-SCBNET\\1614762"
        },
        {
            "name": "ZONE1-SCBNET\\1575993"
        },
        {
            "name": "ZONE1-SCBNET\\1315575"
        },
        {
            "name": "ZONE1-SCBNET\\1587385"
        },
        {
            "name": "ZONE1-SCBNET\\1200249"
        },
        {
            "name": "ZONE1-SCBNET\\1576314"
        },
        {
            "name": "ZONE2-SCBNET\\1157444"
        },
        {
            "name": "ZONE1-SCBNET\\1393991"
        },
        {
            "name": "ZONE1-SCBNET\\1590888"
        },
        {
            "name": "ZONE2-SCBNET\\1227403"
        },
        {
            "name": "ZONE1-SCBNET\\1422560"
        },
        {
            "name": "ZONE2-SCBNET\\1596991"
        },
        {
            "name": "ZONE1-SCBNET\\1374154"
        },
        {
            "name": "ZONE1-SCBNET\\1489934"
        },
        {
            "name": "ZONE1-SCBNET\\1530158"
        },
        {
            "name": "ZONE1-SCBNET\\1618201"
        },
        {
            "name": "ZONE1-SCBNET\\1130725"
        },
        {
            "name": "ZONE2-SCBNET\\1580749"
        },
        {
            "name": "ZONE2-SCBNET\\1448389"
        },
        {
            "name": "ZONE1-SCBNET\\1587542"
        },
        {
            "name": "ZONE1-SCBNET\\1589440"
        },
        {
            "name": "ZONE1-SCBNET\\1316577"
        },
        {
            "name": "ROOT-SCBNET\\o.1280678"
        },
        {
            "name": "ZONE1-SCBNET\\1466580"
        },
        {
            "name": "ZONE1-SCBNET\\1587936"
        },
        {
            "name": "ZONE1-SCBNET\\1568099"
        },
        {
            "name": "ZONE1-SCBNET\\1593040"
        },
        {
            "name": "ZONE1-SCBNET\\1548997"
        },
        {
            "name": "ZONE1-SCBNET\\1208258"
        },
        {
            "name": "ZONE2-SCBNET\\1552047"
        },
        {
            "name": "ZONE1-SCBNET\\1178680"
        },
        {
            "name": "ZONE1-SCBNET\\1341691"
        },
        {
            "name": "ZONE1-SCBNET\\1598425"
        },
        {
            "name": "ZONE2-SCBNET\\1475795"
        },
        {
            "name": "ZONE1-SCBNET\\1331427"
        },
        {
            "name": "ZONE1-SCBNET\\1541924"
        },
        {
            "name": "ZONE1-SCBNET\\1407644"
        },
        {
            "name": "ZONE1-SCBNET\\1567895"
        },
        {
            "name": "ZONE1-SCBNET\\1598175"
        },
        {
            "name": "ZONE1-SCBNET\\1472015"
        },
        {
            "name": "ZONE1-SCBNET\\1202657"
        },
        {
            "name": "ZONE1-SCBNET\\1499578"
        },
        {
            "name": "ZONE2-SCBNET\\1448398"
        },
        {
            "name": "ZONE3-SCBNET\\1520917"
        },
        {
            "name": "ZONE1-SCBNET\\1234322"
        },
        {
            "name": "ZONE1-SCBNET\\o.1419973"
        },
        {
            "name": "ZONE1-SCBNET\\1334038"
        },
        {
            "name": "ZONE1-SCBNET\\1483678"
        },
        {
            "name": "ZONE2-SCBNET\\1192370"
        },
        {
            "name": "ZONE1-SCBNET\\1447455"
        },
        {
            "name": "ZONE1-SCBNET\\1525130"
        },
        {
            "name": "ZONE3-SCBNET\\1446044"
        },
        {
            "name": "ZONE1-SCBNET\\1579085"
        },
        {
            "name": "ZONE1-SCBNET\\1569365"
        },
        {
            "name": "ZONE1-SCBNET\\1552411"
        },
        {
            "name": "ZONE1-SCBNET\\1512639"
        },
        {
            "name": "ZONE1-SCBNET\\1564367"
        },
        {
            "name": "ZONE2-SCBNET\\1400895"
        },
        {
            "name": "ZONE1-SCBNET\\1488788"
        },
        {
            "name": "ZONE1-SCBNET\\1166969"
        },
        {
            "name": "small"
        },
        {
            "name": "ZONE1-SCBNET\\1573935"
        },
        {
            "name": "some-lowend laptop"
        },
        {
            "name": "ZONE1-SCBNET\\tw.bsuser"
        },
        {
            "name": "ZONE1-SCBNET\\1459824"
        },
        {
            "name": "ZONE1-SCBNET\\1610708"
        },
        {
            "name": "ZONE1-SCBNET\\1356136"
        },
        {
            "name": "ZONE1-SCBNET\\1617446"
        },
        {
            "name": "ZONE1-SCBNET\\1283445"
        },
        {
            "name": "ZONE1-SCBNET\\1583458"
        },
        {
            "name": "ZONE1-SCBNET\\1511067"
        },
        {
            "name": "ZONE1-SCBNET\\1253247"
        },
        {
            "name": "ZONE1-SCBNET\\1235198"
        },
        {
            "name": "ZONE1-SCBNET\\1126897"
        },
        {
            "name": "ZONE1-SCBNET\\1575023"
        },
        {
            "name": "ZONE1-SCBNET\\1352373"
        },
        {
            "name": "ZONE1-SCBNET\\1566883"
        },
        {
            "name": "ZONE1-SCBNET\\1428324"
        },
        {
            "name": "ROOT-SCBNET\\o.1604002"
        },
        {
            "name": "some-good laptop"
        },
        {
            "name": "ZONE1-SCBNET\\1606479"
        },
        {
            "name": "ZONE1-SCBNET\\1546549"
        },
        {
            "name": "ZONE1-SCBNET\\1590050"
        },
        {
            "name": "ZONE1-SCBNET\\1144908"
        },
        {
            "name": "ZONE1-SCBNET\\1597489"
        },
        {
            "name": "some-midrange laptop"
        },
        {
            "name": "ZONE1-SCBNET\\1393933"
        },
        {
            "name": "ZONE2-SCBNET\\1019684"
        },
        {
            "name": "ZONE1-SCBNET\\1556665"
        },
        {
            "name": "ZONE1-SCBNET\\1541475"
        },
        {
            "name": "ZONE1-SCBNET\\1596665"
        },
        {
            "name": "ZONE1-SCBNET\\1529758"
        },
        {
            "name": "ZONE1-SCBNET\\1599432"
        },
        {
            "name": "ZONE1-SCBNET\\1561672"
        },
        {
            "name": "ZONE2-SCBNET\\1233447"
        },
        {
            "name": "ZONE1-SCBNET\\1126331"
        },
        {
            "name": "ZONE1-SCBNET\\1608786"
        },
        {
            "name": "ZONE1-SCBNET\\1337253"
        },
        {
            "name": "ZONE1-SCBNET\\1316528"
        },
        {
            "name": "ZONE1-SCBNET\\1565561"
        },
        {
            "name": "ZONE1-SCBNET\\1594210"
        },
        {
            "name": "ZONE1-SCBNET\\1597536"
        },
        {
            "name": "ZONE1-SCBNET\\1582549"
        },
        {
            "name": "ZONE1-SCBNET\\1382436"
        },
        {
            "name": "ZONE1-SCBNET\\1476213"
        },
        {
            "name": "ZONE1-SCBNET\\1575669"
        },
        {
            "name": "ZONE1-SCBNET\\1623207"
        },
        {
            "name": "ZONE1-SCBNET\\1591344"
        },
        {
            "name": "ZONE1-SCBNET\\1003452"
        },
        {
            "name": "ZONE1-SCBNET\\1235980"
        },
        {
            "name": "ZONE1-SCBNET\\1265453"
        },
        {
            "name": "ZONE1-SCBNET\\1134515"
        },
        {
            "name": "ZONE1-SCBNET\\1327315"
        },
        {
            "name": "ZONE1-SCBNET\\1126352"
        },
        {
            "name": "ZONE1-SCBNET\\1324802"
        },
        {
            "name": "ZONE1-SCBNET\\1566348"
        },
        {
            "name": "ZONE1-SCBNET\\1515234"
        },
        {
            "name": "ZONE2-SCBNET\\1009450"
        },
        {
            "name": "ZONE1-SCBNET\\1346195"
        },
        {
            "name": "ZONE1-SCBNET\\1230434"
        },
        {
            "name": "ZONE1-SCBNET\\1169461"
        },
        {
            "name": "ZONE1-SCBNET\\1507098"
        },
        {
            "name": "ZONE1-SCBNET\\1488109"
        },
        {
            "name": "ZONE1-SCBNET\\1618246"
        },
        {
            "name": "ZONE1-SCBNET\\1595407"
        },
        {
            "name": "ZONE1-SCBNET\\1335850"
        },
        {
            "name": "ZONE1-SCBNET\\1169941"
        },
        {
            "name": "ZONE1-SCBNET\\1581777"
        },
        {
            "name": "ZONE1-SCBNET\\1342096"
        },
        {
            "name": "ZONE1-SCBNET\\1588782"
        },
        {
            "name": "ZONE1-SCBNET\\1129381"
        },
        {
            "name": "ZONE1-SCBNET\\1465930"
        },
        {
            "name": "ZONE1-SCBNET\\1479273"
        },
        {
            "name": "ZONE1-SCBNET\\1519804"
        },
        {
            "name": "ZONE1-SCBNET\\1477235"
        },
        {
            "name": "ZONE1-SCBNET\\1287667"
        },
        {
            "name": "ZONE1-SCBNET\\1247152"
        },
        {
            "name": "ZONE1-SCBNET\\1101941"
        },
        {
            "name": "ZONE1-SCBNET\\1465337"
        },
        {
            "name": "ZONE1-SCBNET\\1619448"
        },
        {
            "name": "ZONE1-SCBNET\\1506444"
        },
        {
            "name": "ZONE1-SCBNET\\1516318"
        },
        {
            "name": "ZONE3-SCBNET\\1529220"
        },
        {
            "name": "ZONE1-SCBNET\\1566797"
        },
        {
            "name": "ZONE1-SCBNET\\1187616"
        },
        {
            "name": "ZONE1-SCBNET\\1540650"
        },
        {
            "name": "ZONE2-SCBNET\\1475971"
        },
        {
            "name": "ZONE1-SCBNET\\1198714"
        },
        {
            "name": "ZONE1-SCBNET\\1163405"
        },
        {
            "name": "ZONE1-SCBNET\\1576884"
        },
        {
            "name": "ZONE2-SCBNET\\1320663"
        },
        {
            "name": "ZONE1-SCBNET\\1202512"
        },
        {
            "name": "ZONE1-SCBNET\\1612063"
        },
        {
            "name": "ZONE1-SCBNET\\1523535"
        },
        {
            "name": "ZONE1-SCBNET\\1615832"
        },
        {
            "name": "ZONE1-SCBNET\\1316329"
        },
        {
            "name": "ZONE1-SCBNET\\o.1268269"
        },
        {
            "name": "ZONE2-SCBNET\\1386912"
        },
        {
            "name": "ZONE1-SCBNET\\1459504"
        },
        {
            "name": "ZONE1-SCBNET\\1245448"
        },
        {
            "name": "ZONE1-SCBNET\\1178986"
        },
        {
            "name": "ZONE1-SCBNET\\1620038"
        },
        {
            "name": "ZONE1-SCBNET\\1561262"
        },
        {
            "name": "ZONE2-SCBNET\\1181123"
        },
        {
            "name": "ZONE1-SCBNET\\1622172"
        },
        {
            "name": "ZONE1-SCBNET\\1506162"
        },
        {
            "name": "ZONE3-SCBNET\\1521231"
        },
        {
            "name": "ZONE2-SCBNET\\1525727"
        },
        {
            "name": "ZONE1-SCBNET\\1557686"
        },
        {
            "name": "ZONE1-SCBNET\\1118107"
        },
        {
            "name": "ZONE1-SCBNET\\1446854"
        },
        {
            "name": "ZONE1-SCBNET\\1321179"
        },
        {
            "name": "ZONE3-SCBNET\\1195444"
        },
        {
            "name": "ZONE1-SCBNET\\1589720"
        },
        {
            "name": "ZONE1-SCBNET\\1480924"
        },
        {
            "name": "ZONE1-SCBNET\\1135024"
        },
        {
            "name": "ZONE1-SCBNET\\1280474"
        },
        {
            "name": "ZONE1-SCBNET\\1602209"
        },
        {
            "name": "ZONE1-SCBNET\\tw.br015"
        },
        {
            "name": "ZONE1-SCBNET\\1539643"
        },
        {
            "name": "ZONE1-SCBNET\\1573984"
        },
        {
            "name": "ZONE1-SCBNET\\1555926"
        },
        {
            "name": "ZONE1-SCBNET\\1521316"
        },
        {
            "name": "ZONE1-SCBNET\\1479665"
        },
        {
            "name": "ZONE2-SCBNET\\1517909"
        },
        {
            "name": "ZONE1-SCBNET\\1557657"
        },
        {
            "name": "terminal server"
        },
        {
            "name": "ZONE1-SCBNET\\1507933"
        },
        {
            "name": "ZONE1-SCBNET\\1345601"
        },
        {
            "name": "ZONE1-SCBNET\\1387891"
        },
        {
            "name": "ZONE1-SCBNET\\1586256"
        },
        {
            "name": "ZONE1-SCBNET\\1567498"
        },
        {
            "name": "ZONE1-SCBNET\\1254431"
        },
        {
            "name": "ZONE1-SCBNET\\1591541"
        },
        {
            "name": "ZONE1-SCBNET\\1265360"
        },
        {
            "name": "ZONE1-SCBNET\\1148597"
        },
        {
            "name": "ZONE1-SCBNET\\1474620"
        },
        {
            "name": "ZONE2-SCBNET\\1595548"
        },
        {
            "name": "ZONE1-SCBNET\\1518932"
        },
        {
            "name": "ZONE1-SCBNET\\1180859"
        },
        {
            "name": "ZONE1-SCBNET\\1582817"
        },
        {
            "name": "ZONE1-SCBNET\\1234604"
        },
        {
            "name": "ZONE1-SCBNET\\1464265"
        },
        {
            "name": "ZONE1-SCBNET\\1547843"
        },
        {
            "name": "ZONE1-SCBNET\\1184914"
        },
        {
            "name": "ZONE3-SCBNET\\1513579"
        },
        {
            "name": "ZONE1-SCBNET\\1283545"
        },
        {
            "name": "ZONE3-SCBNET\\1617603"
        },
        {
            "name": "ZONE1-SCBNET\\1453624"
        },
        {
            "name": "ZONE1-SCBNET\\1455979"
        },
        {
            "name": "ZONE1-SCBNET\\1359191"
        },
        {
            "name": "ZONE1-SCBNET\\1405531"
        },
        {
            "name": "ZONE3-SCBNET\\1134491"
        },
        {
            "name": "ZONE1-SCBNET\\1548180"
        },
        {
            "name": "ZONE1-SCBNET\\1476250"
        },
        {
            "name": "ZONE1-SCBNET\\1597668"
        },
        {
            "name": "ZONE1-SCBNET\\1567746"
        },
        {
            "name": "ZONE2-SCBNET\\1485271"
        },
        {
            "name": "ZONE1-SCBNET\\1622545"
        },
        {
            "name": "ZONE1-SCBNET\\1251249"
        },
        {
            "name": "ZONE1-SCBNET\\1576523"
        },
        {
            "name": "ZONE2-SCBNET\\1517784"
        },
        {
            "name": "ZONE1-SCBNET\\1614600"
        },
        {
            "name": "ZONE1-SCBNET\\1473562"
        },
        {
            "name": "ROOT-SCBNET\\o.1597915"
        },
        {
            "name": "ZONE1-SCBNET\\1486761"
        },
        {
            "name": "ZONE1-SCBNET\\1532822"
        },
        {
            "name": "ZONE1-SCBNET\\1603452"
        },
        {
            "name": "ZONE1-SCBNET\\1539045"
        },
        {
            "name": "MYZPC015EKU\\cdadmin"
        },
        {
            "name": "ZONE1-SCBNET\\1502773"
        },
        {
            "name": "ZONE1-SCBNET\\1595839"
        },
        {
            "name": "ZONE1-SCBNET\\1613711"
        },
        {
            "name": "ZONE1-SCBNET\\1621851"
        },
        {
            "name": "ZONE1-SCBNET\\1502299"
        },
        {
            "name": "ZONE1-SCBNET\\1403984"
        },
        {
            "name": "ZONE1-SCBNET\\1573410"
        },
        {
            "name": "ZONE1-SCBNET\\1523004"
        },
        {
            "name": "ZONE1-SCBNET\\1005969"
        },
        {
            "name": "ZONE1-SCBNET\\1366185"
        },
        {
            "name": "ZONE1-SCBNET\\1602989"
        },
        {
            "name": "ZONE1-SCBNET\\1301134"
        },
        {
            "name": "ZONE1-SCBNET\\1498140"
        },
        {
            "name": "ZONE1-SCBNET\\1558584"
        },
        {
            "name": "ZONE1-SCBNET\\1550952"
        },
        {
            "name": "ZONE2-SCBNET\\1177449"
        },
        {
            "name": "ZONE1-SCBNET\\1173160"
        },
        {
            "name": "ZONE1-SCBNET\\1167075"
        },
        {
            "name": "ZONE1-SCBNET\\1564516"
        },
        {
            "name": "ZONE1-SCBNET\\1279260"
        },
        {
            "name": "ZONE1-SCBNET\\1588321"
        },
        {
            "name": "ZONE1-SCBNET\\1230949"
        },
        {
            "name": "ZONE1-SCBNET\\1417451"
        },
        {
            "name": "ZONE1-SCBNET\\1166361"
        },
        {
            "name": "ZONE1-SCBNET\\1575565"
        },
        {
            "name": "ZONE1-SCBNET\\1468764"
        },
        {
            "name": "ZONE1-SCBNET\\1217731"
        },
        {
            "name": "ZONE1-SCBNET\\1496361"
        },
        {
            "name": "ZONE2-SCBNET\\1009167"
        },
        {
            "name": "ZONE2-SCBNET\\1590643"
        },
        {
            "name": "ZONE1-SCBNET\\1388454"
        },
        {
            "name": "ZONE3-SCBNET\\1347937"
        },
        {
            "name": "ZONE2-SCBNET\\1010557"
        },
        {
            "name": "ZONE1-SCBNET\\1361443"
        },
        {
            "name": "ZONE1-SCBNET\\1536537"
        },
        {
            "name": "ZONE1-SCBNET\\1588140"
        },
        {
            "name": "ZONE1-SCBNET\\1619954"
        },
        {
            "name": "ZONE1-SCBNET\\1454063"
        },
        {
            "name": "ZONE1-SCBNET\\1580226"
        },
        {
            "name": "ZONE1-SCBNET\\1567253"
        },
        {
            "name": "ZONE1-SCBNET\\1391232"
        },
        {
            "name": "ZONE3-SCBNET\\1188445"
        },
        {
            "name": "ZONE1-SCBNET\\1330122"
        },
        {
            "name": "ZONE1-SCBNET\\1597245"
        },
        {
            "name": "ZONE1-SCBNET\\1597027"
        },
        {
            "name": "ZONE1-SCBNET\\1134798"
        },
        {
            "name": "ZONE1-SCBNET\\1607160"
        },
        {
            "name": "ZONE1-SCBNET\\1610046"
        },
        {
            "name": "ZONE2-SCBNET\\1489046"
        },
        {
            "name": "ZONE2-SCBNET\\1320864"
        },
        {
            "name": "ZONE3-SCBNET\\1170896"
        },
        {
            "name": "ZONE1-SCBNET\\o.1559362"
        },
        {
            "name": "ZONE1-SCBNET\\o.1501841"
        },
        {
            "name": "ZONE1-SCBNET\\1333116"
        },
        {
            "name": "ZONE1-SCBNET\\1566393"
        },
        {
            "name": "ZONE1-SCBNET\\1568882"
        },
        {
            "name": "ZONE1-SCBNET\\1187670"
        },
        {
            "name": "ZONE1-SCBNET\\1412159"
        },
        {
            "name": "ZONE1-SCBNET\\1356938"
        },
        {
            "name": "ZONE1-SCBNET\\1570316"
        },
        {
            "name": "ZONE1-SCBNET\\1163995"
        },
        {
            "name": "ZONE1-SCBNET\\1356084"
        },
        {
            "name": "ZONE3-SCBNET\\1463429"
        },
        {
            "name": "ZONE2-SCBNET\\1439162"
        },
        {
            "name": "ZONE1-SCBNET\\1392994"
        },
        {
            "name": "ZONE2-SCBNET\\1461777"
        },
        {
            "name": "ZONE2-SCBNET\\1543215"
        },
        {
            "name": "ZONE1-SCBNET\\1446661"
        },
        {
            "name": "ZONE1-SCBNET\\1294645"
        },
        {
            "name": "ZONE1-SCBNET\\1190389"
        },
        {
            "name": "ZONE1-SCBNET\\1579663"
        },
        {
            "name": "ZONE1-SCBNET\\1294840"
        },
        {
            "name": "ZONE2-SCBNET\\1400754"
        },
        {
            "name": "ZONE1-SCBNET\\1510064"
        },
        {
            "name": "ZONE1-SCBNET\\1130842"
        },
        {
            "name": "ZONE1-SCBNET\\1530154"
        },
        {
            "name": "ZONE1-SCBNET\\1521704"
        },
        {
            "name": "ZONE1-SCBNET\\1441095"
        },
        {
            "name": "large"
        },
        {
            "name": "ZONE1-SCBNET\\1512642"
        },
        {
            "name": "ZONE1-SCBNET\\1315655"
        },
        {
            "name": "ZONE1-SCBNET\\1465326"
        },
        {
            "name": "ZONE1-SCBNET\\1534458"
        },
        {
            "name": "ZONE1-SCBNET\\1103305"
        },
        {
            "name": "ZONE1-SCBNET\\1484184"
        },
        {
            "name": "ZONE1-SCBNET\\1422933"
        },
        {
            "name": "ZONE1-SCBNET\\1564814"
        },
        {
            "name": "ZONE1-SCBNET\\1478979"
        },
        {
            "name": "ZONE1-SCBNET\\1518183"
        },
        {
            "name": "ZONE3-SCBNET\\1399151"
        },
        {
            "name": "ZONE1-SCBNET\\1547553"
        },
        {
            "name": "ZONE3-SCBNET\\1153903"
        },
        {
            "name": "ZONE1-SCBNET\\1424385"
        },
        {
            "name": "ZONE2-SCBNET\\1500584"
        },
        {
            "name": "ZONE1-SCBNET\\1460117"
        },
        {
            "name": "ZONE1-SCBNET\\1149394"
        },
        {
            "name": "ZONE1-SCBNET\\1599851"
        },
        {
            "name": "ZONE3-SCBNET\\1195273"
        },
        {
            "name": "ZONE1-SCBNET\\1447442"
        },
        {
            "name": "ZONE2-SCBNET\\1512165"
        },
        {
            "name": "ZONE1-SCBNET\\1586924"
        },
        {
            "name": "ZONE1-SCBNET\\1517460"
        },
        {
            "name": "ZONE1-SCBNET\\1547866"
        },
        {
            "name": "ZONE2-SCBNET\\1479985"
        },
        {
            "name": "ZONE1-SCBNET\\1516130"
        },
        {
            "name": "ZONE1-SCBNET\\1103331"
        },
        {
            "name": "ZONE1-SCBNET\\1257255"
        },
        {
            "name": "ZONE1-SCBNET\\1578315"
        },
        {
            "name": "ZONE1-SCBNET\\1289495"
        },
        {
            "name": "ZONE2-SCBNET\\1404787"
        },
        {
            "name": "ZONE1-SCBNET\\1457587"
        },
        {
            "name": "ZONE1-SCBNET\\1518436"
        },
        {
            "name": "ZONE1-SCBNET\\1548030"
        },
        {
            "name": "ZONE1-SCBNET\\1526383"
        },
        {
            "name": "ZONE1-SCBNET\\1516606"
        },
        {
            "name": "ZONE1-SCBNET\\1417576"
        },
        {
            "name": "ZONE1-SCBNET\\1389287"
        },
        {
            "name": "ZONE3-SCBNET\\1002188"
        },
        {
            "name": "ZONE1-SCBNET\\1419973"
        },
        {
            "name": "ZONE1-SCBNET\\1431669"
        },
        {
            "name": "ZONE1-SCBNET\\1584517"
        },
        {
            "name": "ZONE1-SCBNET\\1346623"
        },
        {
            "name": "ZONE1-SCBNET\\1556996"
        },
        {
            "name": "ZONE1-SCBNET\\1446283"
        },
        {
            "name": "ZONE1-SCBNET\\1607123"
        },
        {
            "name": "ZONE1-SCBNET\\1570420"
        },
        {
            "name": "ZONE1-SCBNET\\tw.br065"
        },
        {
            "name": "ZONE1-SCBNET\\1260218"
        },
        {
            "name": "ZONE3-SCBNET\\1385801"
        },
        {
            "name": "ZONE1-SCBNET\\1323654"
        },
        {
            "name": "ZONE1-SCBNET\\1511553"
        },
        {
            "name": "ZONE1-SCBNET\\1503723"
        },
        {
            "name": "ZONE1-SCBNET\\1542144"
        },
        {
            "name": "ZONE1-SCBNET\\1130037"
        },
        {
            "name": "ZONE2-SCBNET\\1562185"
        },
        {
            "name": "ZONE1-SCBNET\\1487450"
        },
        {
            "name": "ZONE1-SCBNET\\1613567"
        },
        {
            "name": "ZONE1-SCBNET\\tw.br052"
        },
        {
            "name": "ZONE1-SCBNET\\1597657"
        },
        {
            "name": "ZONE1-SCBNET\\1563276"
        },
        {
            "name": "ZONE1-SCBNET\\1153521"
        },
        {
            "name": "ZONE1-SCBNET\\1585738"
        },
        {
            "name": "ZONE1-SCBNET\\1380407"
        },
        {
            "name": "ZONE1-SCBNET\\1616356"
        },
        {
            "name": "ZONE1-SCBNET\\1607513"
        },
        {
            "name": "ZONE1-SCBNET\\1573453"
        },
        {
            "name": "ZONE1-SCBNET\\1147675"
        },
        {
            "name": "ZONE2-SCBNET\\1462810"
        },
        {
            "name": "ZONE1-SCBNET\\1466947"
        },
        {
            "name": "ZONE3-SCBNET\\1297430"
        },
        {
            "name": "ZONE1-SCBNET\\1619782"
        },
        {
            "name": "ZONE1-SCBNET\\g.my.payments.001"
        },
        {
            "name": "ZONE1-SCBNET\\1300945"
        },
        {
            "name": "ZONE1-SCBNET\\1574724"
        },
        {
            "name": "ZONE1-SCBNET\\1612878"
        },
        {
            "name": "ZONE1-SCBNET\\1498922"
        },
        {
            "name": "ZONE1-SCBNET\\1562579"
        },
        {
            "name": "ZONE1-SCBNET\\1492122"
        },
        {
            "name": "ZONE1-SCBNET\\1479284"
        },
        {
            "name": "ZONE1-SCBNET\\1417263"
        },
        {
            "name": "ZONE1-SCBNET\\1497491"
        },
        {
            "name": "ZONE3-SCBNET\\1393592"
        },
        {
            "name": "ZONE1-SCBNET\\1597804"
        },
        {
            "name": "ZONE1-SCBNET\\1572075"
        },
        {
            "name": "ZONE1-SCBNET\\1550628"
        },
        {
            "name": "ZONE1-SCBNET\\1416573"
        },
        {
            "name": "ZONE1-SCBNET\\1570721"
        },
        {
            "name": "ZONE1-SCBNET\\1466081"
        },
        {
            "name": "ZONE1-SCBNET\\1613893"
        },
        {
            "name": "ZONE1-SCBNET\\1451484"
        },
        {
            "name": "ZONE1-SCBNET\\1559604"
        },
        {
            "name": "ZONE1-SCBNET\\1588783"
        },
        {
            "name": "ZONE1-SCBNET\\1567020"
        },
        {
            "name": "some-lowend laptop - 2"
        },
        {
            "name": "ZONE1-SCBNET\\1320874"
        },
        {
            "name": "ZONE1-SCBNET\\1336008"
        },
        {
            "name": "medium"
        },
        {
            "name": "ZONE1-SCBNET\\1572283"
        },
        {
            "name": "ZONE1-SCBNET\\1607869"
        },
        {
            "name": "ZONE1-SCBNET\\1508577"
        },
        {
            "name": "ZONE1-SCBNET\\1395238"
        },
        {
            "name": "ZONE3-SCBNET\\1333017"
        },
        {
            "name": "ZONE1-SCBNET\\1433540"
        }
    ]
}